[{
	"_id": {
		"$oid": "5f02998617b7e667b77d10c9"
	},
	"campsites": [
		{
			"$oid": "5f02804e258ff350affd3603"
		},
		{
			"$oid": "5f028064258ff350affd3605"
		}
	],
	"user": {
		"$oid": "5f027f64258ff350affd3601"
	},
	"createdAt": {
		"$date": "2020-07-06T03:24:54.426Z"
	},
	"updatedAt": {
		"$date": "2020-07-06T03:35:28.779Z"
	},
	"__v": 3
},
{
	"_id": {
		"$oid": "5f2900e4e91fd6d1aa665210"
	},
	"campsites": [
		{
			"$oid": "5f028064258ff350affd3605"
		}
	],
	"user": {
		"$oid": "5f28fd73cb0093d00ca90ace"
	},
	"createdAt": {
		"$date": "2020-08-04T06:32:04.198Z"
	},
	"updatedAt": {
		"$date": "2020-08-04T06:34:40.660Z"
	},
	"__v": 3
}]

